Name,AddressLine1,AddressLine2,City,CountyOrRegion,Postcode,Country,Website
Abbey Hill Golf Centre,Monks Way,Two Mile Ash,Milton Keynes,Buckinghamshire,MK8 8AA,United Kingdom,www.abbeyhillgc.co.uk
Cainhoe Wood Golf Club,Ampthill Rd,Beadlow,Bedford,Bedfordshire,SG17 5PH,United Kingdom,www.cainhoewoodgolf.co.uk
Chalgrave Manor Golf Club,Dunstable Road,Chalgrave,Nr Dunstable,Bedfordshire,LU5 6JN,United Kingdom,www.chalgravegolf.co.uk
Frinton On Sea Golf Club,1 Esplanade,,Frinton-on-Sea,Essex,CO13 9EP,United Kingdom,www.frintongolfclub.com
Mowsbury Golf Club,Kimbolton Road,Cleat Hill,Bedford,Bedfordshire,MK41 8BJ,United Kingdom,www.mowsburygolfclub.co.uk
Norfolk Premier Golf,"Field View, 20 Yarmouth Road",Blofield,Norwich,Norfolk,NR13 4JS,United Kingdom,https://norfolkpremiergolf.co.uk
Redbourn Golf Club,Kinsbourne Green Lane,,Redbourn,Hertfordshire,AL3 7QA,United Kingdom,www.redbourngolfclub.co.uk
South Beds Golf Club,Warden Hill Road,,Luton,Bedfordshire,LU2 7AE,United Kingdom,www.southbedsgolfclub.co.uk
Stockwood Park Golf Centre,Stockwood Park,London Road,Luton,Bedfordshire,LU1 4LX,United Kingdom,www.stockwoodparkgolf.co.uk
Belton Woods Golf Club,Gonerby Grange Ln,Belton,Grantham,Lincolnshire,NG32 2LN,United Kingdom,https://www.beltonwoods.co.uk
Mount Pleasant Golf Club,Station Road,Lower Stondon,Henlow,Bedfordshire,SG16 6JL,United Kingdom,https://mountpleasantview.co.uk/
Colmworth Golf Club,New Rd,Colmworth,Bedford,Bedfordshire,MK44 2AP,United Kingdom,https://colmworthgolfclub.co.uk/
Center Parcs Elveden Forest,Elveden Forest,Brandon,Thetford,Suffolk,IP24 3TR,United Kingdom,https://www.centerparcs.co.uk